{
	"class_name" : "PinholeCameraParameters",
	"extrinsic" : 
	[
		0.99873656340635641,
		-0.018869524154948115,
		-0.04657486418044552,
		0.0,
		0.017675848561952829,
		-0.73568470872873537,
		0.67709347487649785,
		0.0,
		-0.047040847068011309,
		-0.67706126044906867,
		-0.73442168289494447,
		0.0,
		-0.15525028635969199,
		0.16463628618731668,
		0.32208579916682267,
		1.0
	],
	"intrinsic" : 
	{
		"height" : 1043,
		"intrinsic_matrix" : 
		[
			903.26449614716955,
			0.0,
			0.0,
			0.0,
			903.26449614716955,
			0.0,
			959.5,
			521.0,
			1.0
		],
		"width" : 1920
	},
	"version_major" : 1,
	"version_minor" : 0
}